name,code,order,definition,comments,parent,ontologyTermURI
Socio-demographic and economic characteristics,,1,,,,
Age/birthdate,,2,,,Socio-demographic and economic characteristics,
Sex/gender,,3,,,Socio-demographic and economic characteristics,
Twin,,4,,,Socio-demographic and economic characteristics,
Marital/partner status,,5,,,Socio-demographic and economic characteristics,
Family and household structure,,6,,,Socio-demographic and economic characteristics,
Education,,7,,,Socio-demographic and economic characteristics,
Residence,,8,,,Socio-demographic and economic characteristics,
Birthplace,,9,,,Socio-demographic and economic characteristics,
Citizenship and immigrant status,,10,,,Socio-demographic and economic characteristics,
"Ethnicity, race and religion",,11,,,Socio-demographic and economic characteristics,
Labour force and retirement,,13,,,Socio-demographic and economic characteristics,
"Income, possessions, and benefits",,14,,,Socio-demographic and economic characteristics,
Other socio-demographic and economic characteristics,,15,,,Socio-demographic and economic characteristics,
Lifestyle and behaviours,,16,,,,
Tobacco,,17,,,Lifestyle and behaviours,
Alcohol,,18,,,Lifestyle and behaviours,
Drugs,,19,,,Lifestyle and behaviours,
Nutrition,,20,,,Lifestyle and behaviours,
Physical activity,,22,,,Lifestyle and behaviours,
Transportation,,23,,,Lifestyle and behaviours,
Personal hygiene,,24,,,Lifestyle and behaviours,
Sleep,,25,,,Lifestyle and behaviours,
Sexual behaviours and orientation,,26,,,Lifestyle and behaviours,
Leisure activities,,27,,,Lifestyle and behaviours,
Technological devices,,28,,,Lifestyle and behaviours,
Misbehaviour and criminality,,29,,,Lifestyle and behaviours,
Other and unspecified lifestyle information,,30,,,Lifestyle and behaviours,
"Birth, pregnancy and reproductive health history",,31,,,,
Diseases of the ear and mastoid process (H60-H95),,52,,,Diseases,
"Puberty, menstruation, menopause and andropause",,32,,,"Birth, pregnancy and reproductive health history",
Contraception,,33,,,"Birth, pregnancy and reproductive health history",
"Pregnancy, delivery and birth",,34,,,"Birth, pregnancy and reproductive health history",
Fertility and sexual health,,35,,,"Birth, pregnancy and reproductive health history",
Other reproductive health-related information,,36,,,"Birth, pregnancy and reproductive health history",
"Perception of health, quality of life, development and functional limitations",,37,,,,
Perception of health,,38,,,"Perception of health, quality of life, development and functional limitations",
Quality of life,,39,,,"Perception of health, quality of life, development and functional limitations",
Life course development,,40,,,"Perception of health, quality of life, development and functional limitations",
Functional limitations,,41,,,"Perception of health, quality of life, development and functional limitations",
Use of assistive devices,,42,,,"Perception of health, quality of life, development and functional limitations",
Visits to health professionals,,88,,,Health and community care services utilization,
"Other perception of health, quality of life and functional limitation-related information",,43,,,"Perception of health, quality of life, development and functional limitations",
Diseases,,44,,,,
Certain infectious and parasitic diseases (A00-B99),,45,,,Diseases,
Neoplasms (C00-D48),,46,,,Diseases,
Diseases of the blood and blood-forming organs and certain disorders involving the immune mechanism (D50-D89),,47,,,Diseases,
"Endocrine, nutritional and metabolic diseases (E00-E90)",,48,,,Diseases,
Mental and behavioural disorders (F00-F99),,49,,,Diseases,
Diseases of the nervous system (G00-G99),,50,,,Diseases,
Diseases of the eye and adnexa (H00-H59),,51,,,Diseases,
Diseases of the circulatory system (I00-I99),,53,,,Diseases,
Diseases of the respiratory system (J00-J99),,54,,,Diseases,
Diseases of the digestive system (K00-K93),,55,,,Diseases,
Diseases of the skin and subcutaneous tissue (L00-L99),,56,,,Diseases,
Diseases of the musculoskeletal system and connective tissue (M00-M99),,57,,,Diseases,
Diseases of the genitourinary system (N00-N99),,58,,,Diseases,
"Pregnancy, childbirth and the puerperium (O00-O9A)",,59,,,Diseases,
Certain conditions originating in the perinatal period (P00-P96),,60,,,Diseases,
"Congenital malformations, deformations and chromosomal abnormalities (Q00-Q99)",,61,,,Diseases,
"Injury, poisoning and certain other consequences of external causes (S00-T98)",,62,,,Diseases,
External causes of morbidity and mortality (V01-Y98),,63,,,Diseases,
Diseases without precise specification or falling into multiple categories,,64,,,Diseases,
Symptoms and signs,,65,,,,
Symptoms and signs involving the circulatory and respiratory systems (R00-R09),,66,,,Symptoms and signs,
Symptoms and signs involving the digestive system and abdomen (R10-R19),,67,,,Symptoms and signs,
Symptoms and signs involving the skin and subcutaneous tissue (R20-R23),,68,,,Symptoms and signs,
Symptoms and signs involving nervous and musculoskeletal systems (R25-R29),,69,,,Symptoms and signs,
Symptoms and signs involving the urinary system (R30-R39),,70,,,Symptoms and signs,
"Symptoms and signs involving cognition, perception, emotional state and behaviour (R40-R46)",,71,,,Symptoms and signs,
Symptoms and signs involving speech and voice (R47-R49),,72,,,Symptoms and signs,
General symptoms and signs (R50-R69),,73,,,Symptoms and signs,
Symptoms related to multiple categories,,74,,,Symptoms and signs,
Medication and supplements,,75,,,,
Medication and supplement intake,,76,,,Medication and supplements,
Posology and protocol of administration,,77,,,Medication and supplements,
Other and unspecified pharmacological interventions,,78,,,Medication and supplements,
Non-pharmacological interventions,,79,,,,
Surgical interventions,,80,,,Non-pharmacological interventions,
Radiological interventions,,81,,,Non-pharmacological interventions,
Physical therapy interventions,,82,,,Non-pharmacological interventions,
"Cognitive, psychological and sensory interventions",,83,,,Non-pharmacological interventions,
Educational and health promotion interventions,,84,,,Non-pharmacological interventions,
Laboratory diagnosis interventions,,85,,,Non-pharmacological interventions,
Other and unspecified non-pharmacological interventions,,86,,,Non-pharmacological interventions,
Health and community care services utilization,,87,,,,
Histology,,115,,,Laboratory measures,
Hospitalizations,,89,,,Health and community care services utilization,
Community and social care,,90,,,Health and community care services utilization,
Other health and community care,,91,,,Health and community care services utilization,
Death,,92,,,,
Vital status,,93,,,Death,
Cause of death,,94,,,Death,
Other end of life or death-related information,,95,,,Death,
Physical measures and assessments,,96,,,,
Physical characteristics,,97,,,Physical measures and assessments,
Anthropometry,,98,,,Physical measures and assessments,
Circulation and respiration,,99,,,Physical measures and assessments,
"Muscles, skeleton and mobility",,100,,,Physical measures and assessments,
Sensory and pain,,101,,,Physical measures and assessments,
Brain and nerves,,102,,,Physical measures and assessments,
Skin and subcutaneous tissue,,103,,,Physical measures and assessments,
Speech and voice,,104,,,Physical measures and assessments,
Digestion,,105,,,Physical measures and assessments,
Reproduction,,106,,,Physical measures and assessments,
Other physical measures and assessments,,107,,,Physical measures and assessments,
Laboratory measures,,108,,,,
Hematology,,109,,,Laboratory measures,
Biochemistry,,110,,,Laboratory measures,
Microbiology,,111,,,Laboratory measures,
Virology,,112,,,Laboratory measures,
Immunology,,113,,,Laboratory measures,
Toxicology,,114,,,Laboratory measures,
Other laboratory measures,,117,,,Laboratory measures,
"Cognition, personality and psychological measures and assessments",,118,,,,
Cognitive functioning,,119,,,"Cognition, personality and psychological measures and assessments",
Personality,,120,,,"Cognition, personality and psychological measures and assessments",
Psychological distress and emotions,,121,,,"Cognition, personality and psychological measures and assessments",
Other psychological measures and assessments,,122,,,"Cognition, personality and psychological measures and assessments",
"Life events, life plans, beliefs and values",,123,,,,
Life events,,124,,,"Life events, life plans, beliefs and values",
Life plans,,125,,,"Life events, life plans, beliefs and values",
Beliefs and values,,126,,,"Life events, life plans, beliefs and values",
"Other life events, plans and beliefs",,127,,,"Life events, life plans, beliefs and values",
"Preschool, school and work life",,128,,,,
Preschool life,,129,,,"Preschool, school and work life",
School life,,130,,,"Preschool, school and work life",
Work life,,131,,,"Preschool, school and work life",
"Other preschool, school or work life-related information",,132,,,"Preschool, school and work life",
Social environment and relationships,,133,,,,
Social network,,134,,,Social environment and relationships,
Social participation,,135,,,Social environment and relationships,
Social support,,136,,,Social environment and relationships,
Parenting and familial environment,,137,,,Social environment and relationships,
Other social environment characteristics,,138,,,Social environment and relationships,
Physical environment,,139,,,,
Housing characteristics,,140,,,Physical environment,
Built environment/neighbourhood characteristics,,141,,,Physical environment,
Workplace characteristics,,142,,,Physical environment,
Radiation exposure,,143,,,Physical environment,
Chemical exposure,,144,,,Physical environment,
Biological exposure,,145,,,Physical environment,
Other physical environment characteristics,,146,,,Physical environment,
Administrative information,,147,,,,
Identifiers,,148,,,Administrative information,
Date and time-related information,,149,,,Administrative information,
Questionnaire and interview-related information,,150,,,Administrative information,
Physical and cognitive measure and biosample-related information,,151,,,Administrative information,
Data and sample collection center-related information,,152,,,Administrative information,
Other administrative information,,153,,,Administrative information,
