resource,name,description,subcohorts,startYear,startMonth,endYear,endMonth,ageGroups,numberOfParticipants,areasOfInformation,dataCategories,sampleCategories,standardizedTools,standardizedToolsOther,supplementaryInformation
LifeCycle,y1-2,age ≥1 year and <2 year,,,,,,,,,,,,,
LifeCycle,y0-1,age ≥0 year and <1 year,,,,,,,,,,,,,
LifeCycle,y2-3,age ≥2 year and <3 year,,,,,,,,,,,,,
MoBa,6 months,,,,,,,,,,,,,,
MoBa,14 years,,,,,,,,,,,,,,
MoBa,8 years,,,,,,,,,,,,,,
MoBa,30 weeks gestation,,,,,,,,,,,,,,
MoBa,15 weeks gestation,,,,,,,,,,,,,,
MoBa,13 years,,,,,,,,,,,,,,
MoBa,22 weeks gestation,,,,,,,,,,,,,,
MoBa,18 months,,,,,,,,,,,,,,
MoBa,3 years,,,,,,,,,,,,,,
MoBa,7 years,,,,,,,,,,,,,,
MoBa,5 years,,,,,,,,,,,,,,
NOMA,Screening visit,,,,,,,,251,,,,,,
NOMA,Intervention,,,,,,,,99,,,,,,
CELSPAC-TNG,prenatal,,,,,,,,,,,,,,
CELSPAC-TNG,perinatal,,,,,,,,,,,,,,
CELSPAC-TNG,2M,,,,,,,,,,,,,,
CELSPAC-TNG,6M,,,,,,,,,,,,,,
CELSPAC-TNG,9M,,,,,,,,,,,,,,
CELSPAC-TNG,12M,,,,,,,,,,,,,,
CELSPAC-TNG,18M,,,,,,,,,,,,,,
CELSPAC-TNG,24M,,,,,,,,,,,,,,
CELSPAC-TNG,30M,,,,,,,,,,,,,,
CELSPAC-TNG,36M,,,,,,,,,,,,,,
CELSPAC-TNG,48M,,,,,,,,,,,,,,
CELSPAC-TNG,60M,,,,,,,,,,,,,,
NINFEA,10 years,,"pregnancies,mothers",,,,,,,,,,,,
EDEN,4y,,children,,,,,,,,,,,,
EDEN,5-6y,,children,,,,,,,,,,,,
EDEN,8y,,children,,,,,,,,,,,,
EDEN,11y,,children,,,,,,,,,,,,
NINFEA,18 months,,"pregnancies,mothers",,,,,,,,,,,,
NINFEA,13 years,,"pregnancies,mothers",,,,,,,,,,,,
NINFEA,4 years,,"pregnancies,mothers",,,,,,,,,,,,
NINFEA,7 years,,"pregnancies,mothers",,,,,,,,,,,,
NINFEA,During pregnancy,,"pregnancies,mothers",,,,,,,,,,,,
NINFEA,6 months,,"pregnancies,mothers",,,,,,,,,,,,
ENVIRONAGE,prenatal,,mother-child pairs,,,,,,,,,,,,
ENVIRONAGE,4-years follow-up,,mother-child pairs,,,,,,,,,,,,
ENVIRONAGE,10-years follow-up,,mother-child pairs,,,,,,,,,,,,
DNBC,18 months old,,children,,,,,,,,,,,,
DNBC,18 years old (ongoing),,children,,,,,,,,,,,,
DNBC,11 years old,,children,,,,,,,,,,,,
DNBC,7 years old,,children,,,,,,,,,,,,
DNBC,6 months old,,children,,,,,,,,,,,,
EDEN,8m,,children,,,,,,,,,,,,
DNBC,Gestational week 12 and 30,,pregnancies,,,,,,,,,,,,
EDEN,20-24 week's of amenorrhoea (WA),,mothers,,,,,,,,,,,,
EDEN,24-28 week's of amenorrhoea (WA),,mothers,,,,,,,,,,,,
EDEN,30-34 week's of amenorrhoea (WA),,mothers,,,,,,,,,,,,
EDEN,birth,,"mothers,children",,,,,,,,,,,,
EDEN,4m,,children,,,,,,,,,,,,
EDEN,1y,,children,,,,,,,,,,,,
EDEN,2y,,children,,,,,,,,,,,,
EDEN,3y,,children,,,,,,,,,,,,
ELFE,birth,,"children,mothers",,,,,,,,,,,,
ELFE,2 months,,children,,,,,,,,,,,,
ELFE,3-10 months,,children,,,,,,,,,,,,
ELFE,1y,,children,,,,,,,,,,,,
ELFE,2y,,children,,,,,,,,,,,,
ELFE,3.5y,,children,,,,,,,,,,,,
ELFE,4-5y,,children,,,,,,,,,,,,
ELFE,5y,,children,,,,,,,,,,,,
ELFE,8y,,children,,,,,,,,,,,,
CHOP,baseline (up to 8 weeks of life),,Children,,,,,,,,,,,,
CHOP,6m,,Children,,,,,,,,,,,,
CHOP,1y,,Children,,,,,,,,,,,,
CHOP,1.5y,,Children,,,,,,,,,,,,
CHOP,2y,,Children,,,,,,,,,,,,
CHOP,3y,,Children,,,,,,,,,,,,
CHOP,4y,,Children,,,,,,,,,,,,
CHOP,5y,,Children,,,,,,,,,,,,
CHOP,5.5y,,Children,,,,,,,,,,,,
CHOP,6y,,Children,,,,,,,,,,,,
CHOP,7y,,Children,,,,,,,,,,,,
CHOP,8y,,Children,,,,,,,,,,,,
RAINE,During pregnancy,,"Mothers,Children",,,,,,,,,,,,
RAINE,1 year,,Children,,,,,,,,,,,,
RAINE,2 year,,Children,,,,,,,,,,,,
RAINE,3 year,,Children,,,,,,,,,,,,
RAINE,5 year,,Children,,,,,,,,,,,,
RAINE,8 year,,Children,,,,,,,,,,,,
RAINE,10 year,,Children,,,,,,,,,,,,
RAINE,13 year,,Children,,,,,,,,,,,,
RAINE,16 year,,Children,,,,,,,,,,,,
RAINE,20 year,,Children,,,,,,,,,,,,
RAINE,23 year,,Children,,,,,,,,,,,,
RAINE,27 year,,Children,,,,,,,,,,,,
RAINE,30 year (ongoing),,Children,,,,,,,,,,,,
ALSPAC,Follow up,,"Mothers,Children,Partners",1990,,,,,,,,,,,
BIB,Baseline,Baseline (26-28 weeks gestation) with various follow-ups,"Mothers,Partners,Children",,,,,,,,,,,,
ELIPA,Beginning of the weight loss phase (baseline),,,,,,,"Adult (18+ years),Young adult (18-24 years),Adult (25-44 years),Middle-aged (45-64 years),Aged (65+ years)",,"Nutrition,Physical characteristics",,,,,
ELIPA,Beginning of the weight maintenance phase (week 0),,,,,,,"Adult (18+ years),Young adult (18-24 years),Adult (25-44 years),Middle-aged (45-64 years),Aged (65+ years)",,"Nutrition,Physical characteristics",,,,,
ELIPA,12 weeks from the beginning of the weight maintenance phase (week 12),,,,,,,"Adult (18+ years),Young adult (18-24 years),Adult (25-44 years),Middle-aged (45-64 years),Aged (65+ years)",,"Nutrition,Physical characteristics",,,,,
ELIPA,24 weeks from the beginning of the weight maintenance phase (week 24),,,,,,,"Adult (18+ years),Young adult (18-24 years),Adult (25-44 years),Middle-aged (45-64 years),Aged (65+ years)",,"Nutrition,Physical characteristics",,,,,
DFBC,2012,,follow-up at: 68,2012,,2012,,,151,,,,,,
DFBC,2008 F1,,follow-up at: 63,2008,,2008,,,601,,,,,,
DFBC,1994 (baseline),,Baseline (50 years of age),1994,,1994,,,912,,,,,,
DFBC,2019,,follow-up at: 74/75,2019,,2019,,,92,,,,,,
DFBC,2018,,follow-up at: 73,2018,,2018,,,595,,,,,,
DFBC,2002,,follow-up at: 58,2002,,2002,,,860,,,,,,
DFBC,2008 F2,,follow-up at: 63,2008,,2008,,,482,,,,,,
RHEA,9 months,Telephone interviews,Mother-child pairs,2008,,2009,,Infants and toddlers (2-23 months),1257,"Physical environment,Housing characteristics,Built environment/neighbourhood characteristics,Workplace characteristics,Radiation exposure,Chemical exposure,Biological exposure,Other physical environment characteristics",Survey data,,,,
RHEA,18 months,In-person clinical visits with mothers and children,Mother-child pairs,2009,,2010,,Infants and toddlers (2-23 months),605,,Other,,,,
RHEA,11 years,In-person clinical visits with mothers and children,Mother-child pairs,2018,,2019,,Child (2-12 years),349,"Physical environment,Housing characteristics,Built environment/neighbourhood characteristics,Workplace characteristics,Radiation exposure,Chemical exposure,Biological exposure,Other physical environment characteristics,Physical characteristics,Circulation and respiration,Other physical measures and assessments","Survey data,Physiological/Biochemical measurements,Other","Blood,Urine",,,
RHEA,7 years,In-person clinical visits with mothers and children,Mother-child pairs,2014,,2015,,Child (2-12 years),624,"Physical characteristics,Other physical measures and assessments,Circulation and respiration,Physical environment,Housing characteristics,Built environment/neighbourhood characteristics,Workplace characteristics,Radiation exposure,Chemical exposure,Biological exposure,Other physical environment characteristics","Biological samples,Physiological/Biochemical measurements,Other","Blood,Urine",,,
RHEA,4 years,In-person clinical visits with mothers and ,Mother-child pairs,2011,,2013,,Child (2-12 years),925,"Nutrition,Physical characteristics,Circulation and respiration,Brain and nerves,Other physical measures and assessments,Physical environment,Housing characteristics,Built environment/neighbourhood characteristics,Workplace characteristics,Radiation exposure,Chemical exposure,Biological exposure,Other physical environment characteristics","Survey data,Physiological/Biochemical measurements,Other","Urine,Blood",,,
RHEA,During pregnancy,(weeks of gestation) with various follow-ups,Mother-child pairs,,,,,,,"Physical environment,Housing characteristics,Built environment/neighbourhood characteristics,Workplace characteristics,Radiation exposure,Chemical exposure,Biological exposure,Other physical environment characteristics",Medical records,,,,
RHEA,13-14 years (ongoing),In-person clinical visits with mothers and children,Mother-child pairs,2021,,,,Adolescent (13-17 years),,"Physical characteristics,Circulation and respiration,Other physical measures and assessments,Physical environment,Housing characteristics,Built environment/neighbourhood characteristics,Workplace characteristics,Radiation exposure,Chemical exposure,Biological exposure,Other physical environment characteristics","Survey data,Physiological/Biochemical measurements,Other","Blood,Urine",,,
