name,code,order,definition,comments,parent,ontologyTermURI
Birth length,,8,aaaaczock6baf6qwhycgrlaaae,,Birth outcomes,
vitamin_d_UV_dose,,9,sub_sub_folder_58,,Meteorology,
land_surface_temperature,,10,sub_sub_folder_59,,Meteorology,
Sitting height,,,,,Child's height,
ln_categorical,,4,sub_sub_folder_72,,Noise,
distance (noise),,5,sub_sub_folder_73,,Noise,
area_level_ses_tertiles,,1,sub_sub_folder_74,,Social context,
Maternal measurements,,,,,Health-related characteristics (M),
Paternal measurements,,,,,Health-related characteristics (F),
Circumferences,,,,,Measurements,
Arm circumference,,,,,Circumferences,
Waist circumference,,,,,Circumferences,
Head circumference,,,,,Circumferences,
Hip circumference,,,,,Circumferences,
Skinfold,,,,,Measurements,
Bicep skinfold,,,,,Skinfold,
Subscapular skinfold,,,,,Skinfold,
Suprailiac skinfold,,,,,Skinfold,
Tricep skinfold,,,,,Skinfold,
Socio-demographic characteristics (M),,1,1,,Maternal Characteristics,
Maternal Characteristics,,2,3,,,
Lifestyle Characteristics (M),,3,4,,Maternal Characteristics,
Maternal smoking,,1,5,,Lifestyle Characteristics (M),
Socio-demographic characteristics (C),,1,aaaac2iph3bzb6qwhza7xqiaae,,Child,
Child's country of birth,,1,aaaac2ipjyxw36qwhza7xqiaae,,Socio-demographic characteristics (C),
EUSILC-based household income,,2,aaaac2iplmanp6qwhza7xqiaae,,Household Characteristics,
Cognitive domains,,6,aaaac3pyj4jej6qwhza7xqiaae,,Child,
Behavioral problem domains,,7,aaaac3pyjzyiz6qwhza7xqiaae,,Child,
Internalizing problems,,1,aaaac3pykclzp6qwhza7xqiaae,,Behavioral problem domains,
Externalizing problems,,2,aaaac3pytaulj6qwhza7xqiaae,,Behavioral problem domains,
ADHD symptoms,,3,aaaac3pyupqij6qwhza7xqiaae,,Behavioral problem domains,
ADHD Registry diagnosis,,4,aaaac3pyut3pd6qwhza7xqiaae,,Behavioral problem domains,
Autism spectrum disorder symptoms,,5,aaaac3pyuvqcj6qwhza7xqiaae,,Behavioral problem domains,
ASD Registry diagnosis,,6,aaaac3pyuxgv56qwhza7xqiaae,,Behavioral problem domains,
Gross motor,,1,aaaac3pyweyf76qwhza7xqiaae,,Cognitive domains,
Fine motor,,2,aaaac3pywgivt6qwhza7xqiaai,,Cognitive domains,
Non-verbal intelligence,,3,aaaac3pywidtd6qwhza7xqiaae,,Cognitive domains,
Working memory,,4,aaaac3pywkewr6qwhza7xqiaae,,Cognitive domains,
Language,,5,aaaac3pywlwmb6qwhza7xqiaau,,Cognitive domains,
Urban environment,,6,aaaac3tj53kmz6qwhza7xqiaae,,,
Air pollution,,1,aaaac3tj6cuob6qwhza7xqiaae,,Urban environment,
Natural spaces,,2,aaaac3tj6kfo36qwhza7xqiaae,,Urban environment,
Build environment,,3,aaaac3tj6mknf6qwhza7xqiaae,,Urban environment,
Social context,,4,aaaac3tj6oywf6qwhza7xqiaae,,Urban environment,
Traffic,,5,aaaac3tj6qq6x6qwhza7xqiaay,,Urban environment,
Noise,,6,aaaac3tj6ssf76qwhza7xqiaae,,Urban environment,
Unhealthy food environment,,7,aaaac3tj6u2w76qwhza7xqiaae,,Urban environment,
Meteorology,,8,aaaac3tj6xkwh6qwhza7xqiaae,,Urban environment,
Urban area id,,8,aaaac3tn4bup76qwhza7xqiaae,,Meta variables,
Preschool outdoor play,,8,aaaac3wu545nf6qwhza7xqiaae,,Exposures/Lifestyle/Environment,
Preschool screen times,,9,aaaac3wu57zcf6qwhza7xqiaae,,Exposures/Lifestyle/Environment,
Preschool sleep,,7,aaaac3wu5zbjn6qwhza7xqiaae,,Exposures/Lifestyle/Environment,
Preschool multibehavioral profiles,,10,aaaac3wu6cr4l6qwhza7xqiaae,,Exposures/Lifestyle/Environment,
Pets,,5,aaaac4b5nls2j6qwhza7xqiaae,,Exposures/Lifestyle/Environment,
Cats (any),,2,aaaac4b5pvo7j6qwhza7xqiaae,,Pets,
Cats (number),,3,aaaac4b5qh37j6qwhza7xqiaae,,Pets,
Dogs (any),,4,aaaac4b5qxlmb6qwhza7xqiaae,,Pets,
Dogs (number),,5,aaaac4b5rhofr6qwhza7xqiaae,,Pets,
Diet (M),,4,aaaac4cx2362j6qwhza7xqiaae,,Maternal Characteristics,
Diet (C),,5,aaaac4cx266gp6qwhza7xqiaae,,Child,
Preschool age,,1,aaaac4cx4tinl6qwhza7xqiaae,,Diet (C),
School age,,2,aaaac4cx554gn6qwhza7xqiaae,,Diet (C),
Method of dietary assessment (M),,1,aaaac4cyaophz6qwhza7xqiaae,,Diet (M),
Gestational week at dietary assessment,,2,aaaac4cyap2ax6qwhza7xqiaae,,Diet (M),
Food groups (M),,3,aaaac4cyara376qwhza7xqiaae,,Diet (M),
Nutrients (M),,5,aaaac4cyas72j6qwhza7xqiaae,,Diet (M),
Supplements (M),,4,aaaac4cyashqb6qwhza7xqiaae,,Diet (M),
DASH diet index (M),,6,aaaac4cyatw2x6qwhza7xqiaai,,Diet (M),
Method of dietary assessment (Preschool),,1,aaaac4cyecpgp6qwhza7xqiaae,,Preschool age,
Exact age at dietary assessment (Preschool),,2,aaaac4cyedlqt6qwhza7xqiaae,,Preschool age,
Food groups (Preschool),,3,aaaac4cyeeamt6qwhza7xqiaam,,Preschool age,
Supplements (Preschool),,4,aaaac4cyeevev6qwhza7xqiaae,,Preschool age,
Nutrients (Preschool),,5,aaaac4cyegdwf6qwhza7xqiaae,,Preschool age,
Dietary behavior (Preschool),,6,aaaac4cyehvsh6qwhza7xqiaae,,Preschool age,
Method of dietary assessment (School),,1,aaaac4cyes5vb6qwhza7xqiaae,,School age,
Exact age at dietary assessment (School),,2,aaaac4cyetswx6qwhza7xqiaae,,School age,
Supplements (School),,4,aaaac4cyeu56j6qwhza7xqiaae,,School age,
Food groups (School),,3,aaaac4cyeuhdp6qwhza7xqiaae,,School age,
Nutrients (School),,5,aaaac4cyevtgx6qwhza7xqiaae,,School age,
Dietary behavior (School),,6,aaaac4cyewju56qwhza7xqiaae,,School age,
DASH diet index,,7,aaaac4cyexglz6qwhza7xqiaai,,School age,
Child,,4,aaaacyy2wne2p6qwh3nxvnaaae,,,
Maternal occupational status,,2,aaaacyxw33i5d6qwh3nxvnaaae,,Socio-demographic characteristics (M),
Maternal cohabitation status,,1,aaaacyxwwccfp6qwh3nxvnaaae,,Socio-demographic characteristics (M),
Paternal occupational status,,1,aaaacyxxchjdn6qwh3nxvnaaae,,Socio-demographic characteristics (F),
Paternal Characteristics,,3,aaaacyxxcixw56qwh3nxvnaaae,,,
Paternal height,,2,aaaacyy22c72p6qwh3nxvnaaae,,Health-related characteristics (F),
pm10zn,,22,sub_sub_folder_22,,Air pollution,
Paternal weight,,1,aaaacyy22cbx36qwh3nxvnaaae,,Health-related characteristics (F),
Paternal diabetes,,3,aaaacyy22d7ud6qwh3nxvnaaae,,Health-related characteristics (F),
Paternal asthma,,4,aaaacyy22ey536qwh3nxvnaaae,,Health-related characteristics (F),
Paternal psychiatric health,,5,aaaacyy22gh4d6qwh3nxvnaaae,,Health-related characteristics (F),
Paternal smoking,,1,aaaacyy22jkcf6qwh3nxvnaaae,,Lifestyle characteristics (F),
Birth outcomes,,2,aaaacyy22k2lf6qwh3nxvnaaae,,Child,
Health-related characteritics,,3,aaaacyy22mkpx6qwh3nxvnaaae,,Child,
Exposures/Lifestyle/Environment,,4,aaaacyy22n7qb6qwh3nxvnaaae,,Child,
Breastfeeding,,1,aaaacyy22p2fn6qwh3nxvnaaae,,Exposures/Lifestyle/Environment,
Solid food introduction,,2,aaaacyy22qzkr6qwh3nxvnaaae,,Exposures/Lifestyle/Environment,
Childcare,,3,aaaacyy22rlmt6qwh3nxvnaaae,,Exposures/Lifestyle/Environment,
Furry Pets,,1,aaaacyy22t2cn6qwh3nxvnaaae,,Pets,
Passive smoking,,4,aaaacyy22tfx76qwh3nxvnaaae,,Exposures/Lifestyle/Environment,
Family mental health,,6,aaaacyy22vk3t6qwh3nxvnaaae,,Exposures/Lifestyle/Environment,
Household income,,1,aaaacyy23rzj76qwh3nxvnaaae,,Household Characteristics,
Family split up,,2,aaaacyy23svon6qwh3nxvnaaae,,Household Characteristics,
Family size,,3,aaaacyy23tsy56qwh3nxvnaaae,,Household Characteristics,
Health-related characteristics (M),,2,aaaacyy2w5fk76qwh3nxvnaaae,,Maternal Characteristics,
Meta variables,,1,aaaacyy2wixud6qwh3nxvnaaae,,,
Household Characteristics,,5,aaaacyy2wqyet6qwh3nxvnaaae,,,
Child id,,1,aaaacyy2ws4556qwh3nxvnaaae,,Meta variables,
Mother id,,2,aaaacyy2wugwj6qwh3nxvnaaae,,Meta variables,
Pregnancy number,,3,aaaacyy2wvn4r6qwh3nxvnaaae,,Meta variables,
Cohort id,,4,aaaacyy2wxhyh6qwh3nxvnaaae,,Meta variables,
Country of cohort,,6,aaaacyy2wy7lz6qwh3nxvnaaae,,Meta variables,
Recruitment age,,5,aaaacyy2wycnf6qwh3nxvnaaae,,Meta variables,
Maternal age at birth,,7,aaaacyy2x2n4f6qwh3nxvnaaae,,Socio-demographic characteristics (M),
Maternal ethnicity,,6,aaaacyy2x7ycp6qwh3nxvnaaae,,Socio-demographic characteristics (M),
Obstetric Characteristics,,5,aaaacyy2xcznx6qwh3nxvnaaae,,Maternal Characteristics,
Maternal weight,,1,aaaacyy2ylzix6qwh3nxvnaaae,,Health-related characteristics (M),
Maternal height,,2,aaaacyy2ynhez6qwh3nxvnaaae,,Health-related characteristics (M),
Maternal diabetes,,3,aaaacyy2yrfh76qwh3nxvnaaae,,Health-related characteristics (M),
Maternal thyroid disorders,,4,aaaacyy2ysu5l6qwh3nxvnaaae,,Health-related characteristics (M),
Fever during pregnancy,,5,aaaacyy2yuawl6qwh3nxvnaaae,,Health-related characteristics (M),
Preeclampsia/gestational hypertension,,6,aaaacyy2yvbll6qwh3nxvnaaae,,Health-related characteristics (M),
Maternal asthma,,9,aaaacyy2yydqt6qwh3nxvnaaae,,Health-related characteristics (M),
Maternal psychiatric disoders,,7,aaaacyy2yzrkd6qwh3nxvnaaae,,Health-related characteristics (M),
Paternal occupational code,,2,aaaacyy2z2iej6qwh3nxvnaaae,,Socio-demographic characteristics (F),
Plurality,,4,aaaaczocj4gkb6qwhycgrlaaae,,Birth outcomes,
Paternal ethnicity,,5,aaaacyy2z3sdh6qwh3nxvnaaae,,Socio-demographic characteristics (F),
Paternal age at birth,,6,aaaacyy2z4tqj6qwh3nxvnaaae,,Socio-demographic characteristics (F),
Paternal death,,5,aaaacyy2z5qpv6qwh3nxvnaaae,,Socio-demographic characteristics (F),
Maternal death,,8,aaaacyy2zapz76qwh3nxvnaaae,,Socio-demographic characteristics (M),
Maternal alcohol intake,,2,aaaacyy2zc3hp6qwh3nxvnaaae,,Lifestyle Characteristics (M),
Folic acids supplementation,,3,aaaacyy2zdxxd6qwh3nxvnaaae,,Lifestyle Characteristics (M),
Maternal parity,,1,aaaacyy2ze5ib6qwh3nxvnaaae,,Obstetric Characteristics,
Planned pregnancy,,2,aaaacyy2zg42p6qwh3nxvnaaae,,Obstetric Characteristics,
Fertility treatment,,3,aaaacyy2zhuep6qwh3nxvnaaae,,Obstetric Characteristics,
Mode of delivery,,4,aaaacyy2zjxht6qwh3nxvnaaae,,Obstetric Characteristics,
Birth outcome,,5,aaaacyy2zknrv6qwh3nxvnaaae,,Obstetric Characteristics,
Placental abruption,,6,aaaacyy2zljl76qwh3nxvnaaae,,Obstetric Characteristics,
Socio-demographic characteristics (F),,1,aaaacyy2zr3jn6qwh3nxvnaaae,,Paternal Characteristics,
Health-related characteristics (F),,2,aaaacyy2zuj2t6qwh3nxvnaaae,,Paternal Characteristics,
Lifestyle characteristics (F),,3,aaaacyy2zvkbr6qwh3nxvnaaae,,Paternal Characteristics,
Paternal education (core),,3,aaaacyy2zzopf6qwh3nxvnaaae,,Socio-demographic characteristics (F),
Maternal occupational code,,3,aaaaczoccqdsx6qwhycgrlaaae,,Socio-demographic characteristics (M),
Maternal education (core),,4,aaaaczocdgl636qwhycgrlaaae,,Socio-demographic characteristics (M),
Maternal country of birth,,5,aaaaczocdikup6qwhycgrlaaae,,Socio-demographic characteristics (M),
Paternal country of birth,,5,aaaaczochh3bp6qwhycgrlaaae,,Socio-demographic characteristics (F),
Transferred to neonatal unit,,3,aaaaczocj2xfb6qwhycgrlaaae,,Birth outcomes,
Gestational age,,5,aaaaczocj7ekb6qwhycgrlaaba,,Birth outcomes,
Year and month of birth,,1,aaaaczocjrcav6qwhycgrlaaae,,Birth outcomes,
Apgar score,,2,aaaaczocjzph56qwhycgrlaaae,,Birth outcomes,
Child's weight,,3,aaaaczock4cdf6qwhycgrlaaae,,Health-related characteritics,
Sex,,2,aaaaczock4lxx6qwhycgrlaaae,,Birth outcomes,
Child's height,,2,aaaaczock5eyb6qwhycgrlaaai,,Health-related characteritics,
Death of child,,1,aaaaczock67jh6qwhycgrlaaae,,Health-related characteritics,
Birth head circumference,,9,aaaaczock7g5v6qwhycgrlaaae,,Birth outcomes,
Birth weight,,7,aaaaczockliiz6qwhycgrlaaae,,Birth outcomes,
Size for gestational age,,10,aaaaczoclca2n6qwhycgrlaaae,,Birth outcomes,
Placenta weight,,11,aaaaczocldmzj6qwhycgrlaaae,,Birth outcomes,
Congenital anomalies,,12,aaaaczoclfi7h6qwhycgrlaaae,,Birth outcomes,
Cerebral palsy,,13,aaaaczoclgvkr6qwhycgrlaaae,,Birth outcomes,
Sibling position,,14,aaaaczoclim5r6qwhycgrlaaae,,Birth outcomes,
Adult health-related characteristics,,8,child_adulthealthchar,,Child,
Respiratory (Adult health),,1,child_adulthealthchar_resp,,Adult health-related characteristics,
Allergy,,4,child_healthchar_allergy,,Health-related characteritics,
Allergic sensitization,,4,child_healthchar_allergy_allsens,,Allergy,
Food,,1,child_healthchar_allergy_allsens_food,,Allergic sensitization,
IgE (Food),,2,child_healthchar_allergy_allsens_food_ige,,Food,
Any food allergic sensitization (IgE),,1,child_healthchar_allergy_allsens_food_ige_any,,IgE (Food),
Skin prick test (Food),,1,child_healthchar_allergy_allsens_food_skinprick,,Food,
Any food allergic sensitization (Skin prick test),,1,child_healthchar_allergy_allsens_food_skinprick_any,,Skin prick test (Food),
Chicken egg,,3,child_healthchar_allergy_allsens_food_skinprick_chickenegg,,Skin prick test (Food),
Cow milk,,2,child_healthchar_allergy_allsens_food_skinprick_cowmilk,,Skin prick test (Food),
Fish,,8,child_healthchar_allergy_allsens_food_skinprick_fish,,Skin prick test (Food),
Fruit,,10,child_healthchar_allergy_allsens_food_skinprick_fruit,,Skin prick test (Food),
Nut,,6,child_healthchar_allergy_allsens_food_skinprick_nut,,Skin prick test (Food),
Peanut,,5,child_healthchar_allergy_allsens_food_skinprick_peanut,,Skin prick test (Food),
Sesame,,7,child_healthchar_allergy_allsens_food_skinprick_sesame,,Skin prick test (Food),
Shellfish,,9,child_healthchar_allergy_allsens_food_skinprick_shellfish,,Skin prick test (Food),
Wheat,,4,child_healthchar_allergy_allsens_food_skinprick_wheat,,Skin prick test (Food),
Inhalant,,2,child_healthchar_allergy_allsens_inhalant,,Allergic sensitization,
IgE (Inhalant),,2,child_healthchar_allergy_allsens_inhalant_ige,,Inhalant,
Any inhalant allergic sensitization (IgE),,1,child_healthchar_allergy_allsens_inhalant_ige_any,,IgE (Inhalant),
Cat (IgE),,3,child_healthchar_allergy_allsens_inhalant_ige_cat,,IgE (Inhalant),
House dust mite (IgE),,2,child_healthchar_allergy_allsens_inhalant_ige_dustmite,,IgE (Inhalant),
Mould,,5,child_healthchar_allergy_allsens_inhalant_ige_mould,,IgE (Inhalant),
Rye,,4,child_healthchar_allergy_allsens_inhalant_ige_rye,,IgE (Inhalant),
Skin prick test (Inhalant),,1,child_healthchar_allergy_allsens_inhalant_skinprick,,Inhalant,
Any inhalant allergic sensitization  (Skin prick test),,1,child_healthchar_allergy_allsens_inhalant_skinprick_any,,Skin prick test (Inhalant),
Absolute (FEF25),,1,child_healthchar_resp_lungfunc_spirometry_fef25_absolute,,FEF25,
Cat (Skin prick test),,3,child_healthchar_allergy_allsens_inhalant_skinprick_cat,,Skin prick test (Inhalant),
Dog,,4,child_healthchar_allergy_allsens_inhalant_skinprick_dog,,Skin prick test (Inhalant),
House dust mite (Skin prick test),,5,child_healthchar_allergy_allsens_inhalant_skinprick_dustmite,,Skin prick test (Inhalant),
Grass,,2,child_healthchar_allergy_allsens_inhalant_skinprick_grass,,Skin prick test (Inhalant),
Tree,,6,child_healthchar_allergy_allsens_inhalant_skinprick_tree,,Skin prick test (Inhalant),
Anaphylaxis,,6,child_healthchar_allergy_anaphylaxis,,Allergy,
Any allergy,,3,child_healthchar_allergy_anyallergy,,Allergy,
Food allergy,,1,child_healthchar_allergy_foodallergy,,Allergy,
Inhalant allergy,,2,child_healthchar_allergy_inhallergy,,Allergy,
Urticaria,,5,child_healthchar_allergy_urticaria,,Allergy,
Respiratory (Health-related),,5,child_healthchar_resp,,Health-related characteritics,
Asthma (Respiratory),,2,child_healthchar_resp_asthma,,Respiratory (Health-related),
pm10si,,20,sub_sub_folder_20,,Air pollution,
Asthma,,1,child_healthchar_resp_asthma_Asthma,,Asthma (Respiratory),
CHICOS,,5,child_healthchar_resp_asthma_chicos,,Asthma (Respiratory),
ISAAC,,4,child_healthchar_resp_asthma_isaac,,Asthma (Respiratory),
Asthma medication,,2,child_healthchar_resp_asthma_med,,Asthma (Respiratory),
MeDALL,,3,child_healthchar_resp_asthma_medall,,Asthma (Respiratory),
Lung function,,4,child_healthchar_resp_lungfunc,,Respiratory (Health-related),
FeNO,,2,child_healthchar_resp_lungfunc_feno,,Lung function,
Spirometry,,1,child_healthchar_resp_lungfunc_spirometry,,Lung function,
Bronchial hyperresponsiveness,,8,child_healthchar_resp_lungfunc_spirometry_bronchhr,,Spirometry,
FEF25,,4,child_healthchar_resp_lungfunc_spirometry_fef25,,Spirometry,
FEF50,,5,child_healthchar_resp_lungfunc_spirometry_fef50,,Spirometry,
Absolute (FEF50),,1,child_healthchar_resp_lungfunc_spirometry_fef50_absolute,,FEF50,
FEF75,,6,child_healthchar_resp_lungfunc_spirometry_fef75,,Spirometry,
Absolute (FEF75),,1,child_healthchar_resp_lungfunc_spirometry_fef75_absolute,,FEF75,
Z-score (FEF75),,2,child_healthchar_resp_lungfunc_spirometry_fef75_zscore,,FEF75,
FEV1,,1,child_healthchar_resp_lungfunc_spirometry_fev1,,Spirometry,
Absolute (FEV1),,1,child_healthchar_resp_lungfunc_spirometry_fev1_absolute,,FEV1,
FEV1/FVC,,3,child_healthchar_resp_lungfunc_spirometry_fev1fvc,,Spirometry,
Z-score (FEV1/FVC),,1,child_healthchar_resp_lungfunc_spirometry_fev1fvc_zscore,,FEV1/FVC,
Z-score (FEV1),,2,child_healthchar_resp_lungfunc_spirometry_fev1_zscore,,FEV1,
FVC,,2,child_healthchar_resp_lungfunc_spirometry_fvc,,Spirometry,
Absolute,,1,child_healthchar_resp_lungfunc_spirometry_fvc_absolute,,FVC,
Z-score (FVC),,2,child_healthchar_resp_lungfunc_spirometry_fvc_zscore,,FVC,
Reproducibility,,7,child_healthchar_resp_lungfunc_spirometry_rep,,Spirometry,
Respiratory tract infections,,3,child_healthchar_resp_resptractinf,,Respiratory (Health-related),
Lower respiratory tract infections,,2,child_healthchar_resp_resptractinf_lower,,Respiratory tract infections,
Upper respiratory tract infections,,1,child_healthchar_resp_resptractinf_upper,,Respiratory tract infections,
Wheezing,,1,child_healthchar_resp_wheezing,,Respiratory (Health-related),
Skin,,6,child_healthchar_skin,,Health-related characteritics,
Eczema,,1,child_healthchar_skin_eczema,,Skin,
Itchy rash,,2,child_healthchar_skin_itchyrash,,Skin,
Anorexia nervosa,,5,matchar_healthchar_matpsychdis_an,,Maternal psychiatric disoders,
Anxiety,,3,matchar_healthchar_matpsychdis_anx,,Maternal psychiatric disoders,
Any psychiatric disorder,,1,matchar_healthchar_matpsychdis_any,,Maternal psychiatric disoders,
Bulimia nervosa,,6,matchar_healthchar_matpsychdis_bn,,Maternal psychiatric disoders,
Depression,,2,matchar_healthchar_matpsychdis_dep,,Maternal psychiatric disoders,
Any eating disorder,,4,matchar_healthchar_matpsychdis_ed,,Maternal psychiatric disoders,
Respiratory allergy and skin characteristics,,8,matchar_healthchar_respallergyskin,,Health-related characteristics (M),
no2,,1,sub_sub_folder_1,,Air pollution,
pm25ni,,10,sub_sub_folder_10,,Air pollution,
pm25s,,11,sub_sub_folder_11,,Air pollution,
pm25si,,12,sub_sub_folder_12,,Air pollution,
pm25v,,13,sub_sub_folder_13,,Air pollution,
pm25zn,,14,sub_sub_folder_14,,Air pollution,
pm10cu,,15,sub_sub_folder_15,,Air pollution,
pm10fe,,16,sub_sub_folder_16,,Air pollution,
pm10k,,17,sub_sub_folder_17,,Air pollution,
pm10ni,,18,sub_sub_folder_18,,Air pollution,
pm10s,,19,sub_sub_folder_19,,Air pollution,
nox,,2,sub_sub_folder_2,,Air pollution,
pm10v,,21,sub_sub_folder_21,,Air pollution,
population_density,,1,sub_sub_folder_23,,Build environment,
building_density100,,2,sub_sub_folder_24,,Build environment,
building_density300,,3,sub_sub_folder_25,,Build environment,
connectivity_density100,,4,sub_sub_folder_26,,Build environment,
connectivity_density300,,5,sub_sub_folder_27,,Build environment,
access_to_public_transport_lines100,,6,sub_sub_folder_28,,Build environment,
access_to_public_transport_lines300,,7,sub_sub_folder_29,,Build environment,
pm10,,3,sub_sub_folder_3,,Air pollution,
access_to_public_transport_lines500,,8,sub_sub_folder_30,,Build environment,
access_to_public_transport_stops100,,9,sub_sub_folder_31,,Build environment,
access_to_public_transport_stops300,,10,sub_sub_folder_32,,Build environment,
access_to_public_transport_stops500,,11,sub_sub_folder_33,,Build environment,
facilities_density,,12,sub_sub_folder_34,,Build environment,
facilities_richness,,13,sub_sub_folder_35,,Build environment,
land_use_mix,,14,sub_sub_folder_36,,Build environment,
walkability,,15,sub_sub_folder_37,,Build environment,
main_land_use_agricultural,,16,sub_sub_folder_38,,Build environment,
main_land_use_airports,,17,sub_sub_folder_39,,Build environment,
pm25,,4,sub_sub_folder_4,,Air pollution,
main_land_use_continuous_urban_fabric,,18,sub_sub_folder_40,,Build environment,
main_land_use_industrial,,19,sub_sub_folder_41,,Build environment,
main_land_use_medium_urban_fabric,,20,sub_sub_folder_42,,Build environment,
main_land_use_forests,,21,sub_sub_folder_43,,Build environment,
main_land_use_other,,22,sub_sub_folder_44,,Build environment,
main_land_use_port,,23,sub_sub_folder_45,,Build environment,
main_land_use_transports,,24,sub_sub_folder_46,,Build environment,
main_land_use_green_urban,,25,sub_sub_folder_47,,Build environment,
main_land_use_low_density,,26,sub_sub_folder_48,,Build environment,
main_land_use_water,,27,sub_sub_folder_49,,Build environment,
pmcoarse,,5,sub_sub_folder_5,,Air pollution,
mean_temperature,,1,sub_sub_folder_50,,Meteorology,
minimum_temperature,,2,sub_sub_folder_51,,Meteorology,
maximum_temperature,,3,sub_sub_folder_52,,Meteorology,
mean_relative_humidity,,4,sub_sub_folder_53,,Meteorology,
minimum_relative_humidity,,5,sub_sub_folder_54,,Meteorology,
maximum_relative_humidity,,6,sub_sub_folder_55,,Meteorology,
DNA_damage_UV_dose,,7,sub_sub_folder_56,,Meteorology,
erythemal_UV_dose,,8,sub_sub_folder_57,,Meteorology,
pm25abs,,6,sub_sub_folder_6,,Air pollution,
blue_distance,,1,sub_sub_folder_60,,Natural spaces,
green_distance,,2,sub_sub_folder_61,,Natural spaces,
blue_size,,3,sub_sub_folder_62,,Natural spaces,
green_size,,4,sub_sub_folder_63,,Natural spaces,
blue_access,,5,sub_sub_folder_64,,Natural spaces,
green_access,,6,sub_sub_folder_65,,Natural spaces,
ndvi100,,7,sub_sub_folder_66,,Natural spaces,
ndvi300,,8,sub_sub_folder_67,,Natural spaces,
ndvi500,,9,sub_sub_folder_68,,Natural spaces,
lden,,1,sub_sub_folder_69,,Noise,
pm25cu,,7,sub_sub_folder_7,,Air pollution,
ln,,2,sub_sub_folder_70,,Noise,
lden_categorical,,3,sub_sub_folder_71,,Noise,
area_level_ses_quintiles,,2,sub_sub_folder_75,,Social context,
distance (traffic),,1,sub_sub_folder_76,,Traffic,
traffic_load_all_roads,,2,sub_sub_folder_77,,Traffic,
traffic_load_major_roads,,3,sub_sub_folder_78,,Traffic,
traffic_density,,4,sub_sub_folder_79,,Traffic,
pm25fe,,8,sub_sub_folder_8,,Air pollution,
unhealthy_facilities_density,,1,sub_sub_folder_80,,Unhealthy food environment,
unhealthy_facilities_density_osm,,2,sub_sub_folder_81,,Unhealthy food environment,
pm25k,,9,sub_sub_folder_9,,Air pollution,
meteo_distance,,11,urbanenv_meteo_mdist,,Meteorology,
Measurements,,,,,Health-related characteritics,
Blood pressure,,,,,Measurements,
Pulse,,,,,Measurements,
Cholesterol,,,,,Measurements,
(Molecular) biomarkers,,,,,Measurements,
Body Composition,,,,,Health-related characteritics,
