name,code,order,definition,comments,parent,ontologyTermURI
Blood,,1,Blood that has not been separated into its various components; blood that has not been modified except for the addition of an anticoagulant.,,,
DNA,,2,A long linear double-stranded polymer formed from nucleotides attached to a deoxyribose backbone and found in the nucleus of a cell; associated with the transmission of genetic information.,,,
Faeces,,3,"The material discharged from the bowel during defecation. It consists of undigested food, intestinal mucus, epithelial cells, and bacteria.",,,
Immortalized Cell Lines,,4,"Cells of a single type (human, animal, or plant) that have been adapted to grow continuously in the laboratory and are used in research.",,,
Isolated Pathogen,,5,"An isolated biological agent causing disease; a disease producer e.g. virus, bacterium, prion, other microorganism etc.",,,
Plasma,,7,"Plasma is the fluid (acellular) portion of the circulating blood, as distinguished from the serum that is the fluid portion of the blood obtained by removal of the fibrin clot and blood cells after coagulation.",,,
RNA,,8,"One of two types of nucleic acid made by cells. RNA contains information that has been copied from DNA (the other type of nucleic acid). Cells make several different forms of RNA, and each form has a specific job in the cell. Many forms of RNA have functions related to making proteins. RNA is also the genetic material of some viruses instead of DNA. RNA can be made in the laboratory and used in research studies. Also called ribonucleic acid.",,,
Saliva,,9,A clear liquid secreted into the mouth by the salivary glands and mucous glands of the mouth; moistens the mouth and starts the digestion of starches.,,,
Serum,,10,The clear portion of the blood that remains after the removal of the blood cells and the clotting proteins.,,,
Tissue (Frozen),,11,"An anatomical structure consisting of similarly specialized cells and intercellular matrix, aggregated according to genetically determined spatial relationships, performing a specific function.",,,
Tissue (FFPE),,12,"Tissue, formalin fixated and paraffin preserved or equivalent.",,,
Urine,,13,The fluid that is excreted by the kidneys. It is stored in the bladder and discharged through the urethra.,,,
