name,code,order,definition,comments,parent,ontologyTermURI
geographical restriction,DUO_0000022,14,This data use modifier indicates that use is limited to within a specific geographic region.,,data use modifier,http://purl.obolibrary.org/obo/DUO_0000022
data use permission,DUO_0000001,1,"A data item that is used to indicate consent permissions for datasets and/or materials, and relates to the purposes for which datasets and/or material might be removed, stored or used.",,,http://purl.obolibrary.org/obo/DUO_0000001
no restriction,DUO_0000004,2,This data use permission indicates there is no restriction on use.,,data use permission,http://purl.obolibrary.org/obo/DUO_0000004
health or medical or biomedical research,DUO_0000006,3,This data use permission indicates that use is allowed for health/medical/biomedical purposes; does not include the study of population origins or ancestry.,,general research use,http://purl.obolibrary.org/obo/DUO_0000006
disease specific research,DUO_0000007,4,This data use permission indicates that use is allowed provided it is related to the specified disease.,,health or medical or biomedical research,http://purl.obolibrary.org/obo/DUO_0000007
research specific restrictions,DUO_0000012,6,This data use modifier indicates that use is limited to studies of a certain research type.,,data use modifier,http://purl.obolibrary.org/obo/DUO_0000012
no general methods research,DUO_0000015,7,"This data use modifier indicates that use does not allow methods development research (e.g., development of software or algorithms).",,data use modifier,http://purl.obolibrary.org/obo/DUO_0000015
general research use,DUO_0000042,32,This data use permission indicates that use is allowed for general research use for any research purpose.,,data use permission,http://purl.obolibrary.org/obo/DUO_0000042
genetic studies only,DUO_0000016,8,"This data use modifier indicates that use is limited to genetic studies only (i.e., studies that include genotype research alone or both genotype and phenotype research, but not phenotype research exclusively)",,data use modifier,http://purl.obolibrary.org/obo/DUO_0000016
data use modifier,DUO_0000017,9,Data use modifiers indicate additional conditions for use.,,,http://purl.obolibrary.org/obo/DUO_0000017
"not for profit, non commercial use only",DUO_0000018,10,"This data use modifier indicates that use of the data is limited to not-for-profit organizations and not-for-profit use, non-commercial use.",,data use modifier,http://purl.obolibrary.org/obo/DUO_0000018
publication required,DUO_0000019,11,This data use modifier indicates that requestor agrees to make results of studies using the data available to the larger scientific community.,,data use modifier,http://purl.obolibrary.org/obo/DUO_0000019
collaboration required,DUO_0000020,12,This data use modifier indicates that the requestor must agree to collaboration with the primary study investigator(s).,,data use modifier,http://purl.obolibrary.org/obo/DUO_0000020
ethics approval required,DUO_0000021,13,This data use modifier indicates that the requestor must provide documentation of local IRB/ERB approval.,,data use modifier,http://purl.obolibrary.org/obo/DUO_0000021
publication moratorium,DUO_0000024,15,This data use modifier indicates that requestor agrees not to publish results of studies until a specific date.,,data use modifier,http://purl.obolibrary.org/obo/DUO_0000024
time limit on use,DUO_0000025,16,This data use modifier indicates that use is approved for a specific number of months.,,data use modifier,http://purl.obolibrary.org/obo/DUO_0000025
user specific restriction,DUO_0000026,17,This data use modifier indicates that use is limited to use by approved users.,,data use modifier,http://purl.obolibrary.org/obo/DUO_0000026
project specific restriction,DUO_0000027,18,This data use modifier indicates that use is limited to use within an approved project.,,data use modifier,http://purl.obolibrary.org/obo/DUO_0000027
institution specific restriction,DUO_0000028,19,This data use modifier indicates that use is limited to use within an approved institution.,,data use modifier,http://purl.obolibrary.org/obo/DUO_0000028
return to database or resource,DUO_0000029,20,This data use modifier indicates that the requestor must return derived/enriched data to the database/resource.,,data use modifier,http://purl.obolibrary.org/obo/DUO_0000029
clinical care use,DUO_0000043,33,"This data use modifier indicates that use is allowed for clinical use and care. Clinical Care is defined as Health care or services provided at home, in a healthcare facility or hospital. Data may be used for clinical decision making.",,,http://purl.obolibrary.org/obo/DUO_0000043
