name,code,order,definition,comments,parent,ontologyTermURI
Belgium,BE,21,,,,
Bosnia and Herzegovina,BA,28,,,,
Brazil,BR,31,,,,
China,CN,45,,,,
Bulgaria,BG,34,,,,
Canada,CA,40,,,,
Chile,CL,44,,,,
Aruba,AW,12,,,,
Australia,AU,13,,,,
Austria,AT,14,,,,
Croatia,HR,54,,,,
Curaça,CW,56,,,,
Cyprus,CY,57,,,,
Czechia,CZ,58,,,,
Denmark,DK,60,,,,
Estonia,EE,69,,,,
Finland,FI,75,,,,
France,FR,76,,,,
Georgia,GE,82,,,,
Germany,DE,83,,,,
Gibraltar,GI,85,,,,
Greece,GR,86,,,,
Greenland,GL,87,,,,
Grenada,GD,88,,,,
Hungary,HU,101,,,,
Iceland,IS,102,,,,
India,IN,103,,,,
Indonesia,ID,104,,,,
Iran (Islamic Republic of),IR,105,,,,
Iraq,IQ,106,,,,
Ireland,IE,107,,,,
Israel,IL,109,,,,
Italy,IT,110,,,,
Japan,JP,112,,,,
Latvia,LV,123,,,,
Liechtenstein,LI,128,,,,
Lithuania,LT,129,,,,
Luxembourg,LU,130,,,,
Malta,MLT,137,,,,
Montenegro,ME,148,,,,
Netherlands (the),NL,156,,,,
New Zealand,NZ,158,,,,
Norway,NO,165,,,,
Pakistan,PK,167,,,,
Poland,PL,176,,,,
Portugal,PT,177,,,,
Republic of North Macedonia,MK,180,,,,
Romania,RO,181,,,,
Russian Federation (the),RU,182,,,,
Serbia,RS,197,,,,
Slovakia,SK,202,,,,
Slovenia,SI,203,,,,
Spain,ES,209,,,,
Suriname,SR,212,,,,
Sweden,SE,214,,,,
Switzerland,CH,215,,,,
Taiwan (Province of China),TW,217,,,,
Turkey,TR,227,,,,
Ukraine,UA,232,,,,
United Kingdom of Great Britain and Northern Ireland (the),GB,234,,,,
United States of America (the),US,236,,,,
