name,code,order,definition,comments,parent,ontologyTermURI
None,,1,,,,
I Certain infectious and parasitic diseases,I,2,,,,
A00-A09 Intestinal infectious diseases,A00-A09,3,,,I Certain infectious and parasitic diseases,
A15-A19 Tuberculosis,,4,,,I Certain infectious and parasitic diseases,
A20-A28 Certain zoonotic bacterial diseases,,5,,,I Certain infectious and parasitic diseases,
A30-A49 Other bacterial diseases,,6,,,I Certain infectious and parasitic diseases,
A50-A64 Infections with a predominantly sexual mode of transmission,,7,,,I Certain infectious and parasitic diseases,
A65-A69 Other spirochaetal diseases,,8,,,I Certain infectious and parasitic diseases,
A70-A74 Other diseases caused by chlamydiae,,9,,,I Certain infectious and parasitic diseases,
A75-A79 Rickettsioses,,10,,,I Certain infectious and parasitic diseases,
A80-A89 Viral infections of the central nervous system,,11,,,I Certain infectious and parasitic diseases,
A92-A99 Arthropod-borne viral fevers and viral haemorrhagic fevers,,12,,,I Certain infectious and parasitic diseases,
B00-B09 Viral infections characterized by skin and mucous membrane lesions,,13,,,I Certain infectious and parasitic diseases,
B15-B19 Viral hepatitis,,14,,,I Certain infectious and parasitic diseases,
B20-B24 Human immunodeficiency virus [HIV] disease,,15,,,I Certain infectious and parasitic diseases,
B25-B34 Other viral diseases,,16,,,I Certain infectious and parasitic diseases,
B35-B49 Mycoses,,17,,,I Certain infectious and parasitic diseases,
B50-B64 Protozoal diseases,,18,,,I Certain infectious and parasitic diseases,
B65-B83 Helminthiases,,19,,,I Certain infectious and parasitic diseases,
"B85-B89 Pediculosis, acariasis and other infestations",,20,,,I Certain infectious and parasitic diseases,
B90-B94 Sequelae of infectious and parasitic diseases,,21,,,I Certain infectious and parasitic diseases,
"B95-B98 Bacterial, viral and other infectious agents",,22,,,I Certain infectious and parasitic diseases,
B99-B99 Other infectious diseases,,23,,,I Certain infectious and parasitic diseases,
II Neoplasms,,24,,,,
C00-C97 Malignant neoplasms,,25,,,II Neoplasms,
D00-D09 In situ neoplasms,,26,,,II Neoplasms,
D10-D36 Benign neoplasms,,27,,,II Neoplasms,
D37-D48 Neoplasms of uncertain or unknown behaviour,,28,,,II Neoplasms,
III Diseases of the blood and blood-forming organs and certain disorders involving the immune mechanism,,29,,,,
D50-D53 Nutritional anaemias,,30,,,III Diseases of the blood and blood-forming organs and certain disorders involving the immune mechanism,
D55-D59 Haemolytic anaemias,,31,,,III Diseases of the blood and blood-forming organs and certain disorders involving the immune mechanism,
XII Diseases of the skin and subcutaneous tissue,,120,,,,
D60-D64 Aplastic and other anaemias,,32,,,III Diseases of the blood and blood-forming organs and certain disorders involving the immune mechanism,
"D65-D69 Coagulation defects, purpura and other haemorrhagic conditions",,33,,,III Diseases of the blood and blood-forming organs and certain disorders involving the immune mechanism,
D70-D77 Other diseases of blood and blood-forming organs,,34,,,III Diseases of the blood and blood-forming organs and certain disorders involving the immune mechanism,
H43-H45 Disorders of vitreous body and globe,,76,,,VII Diseases of the eye and adnexa,
D80-D89 Certain disorders involving the immune mechanism,,35,,,III Diseases of the blood and blood-forming organs and certain disorders involving the immune mechanism,
"IV Endocrine, nutritional and metabolic diseases",,36,,,,
E00-E07 Disorders of thyroid gland,,37,,,"IV Endocrine, nutritional and metabolic diseases",
E10-E14 Diabetes mellitus,,38,,,"IV Endocrine, nutritional and metabolic diseases",
E15-E16 Other disorders of glucose regulation and pancreatic internal secretion,,39,,,"IV Endocrine, nutritional and metabolic diseases",
E20-E35 Disorders of other endocrine glands,,40,,,"IV Endocrine, nutritional and metabolic diseases",
E40-E46 Malnutrition,,41,,,"IV Endocrine, nutritional and metabolic diseases",
E50-E64 Other nutritional deficiencies,,42,,,"IV Endocrine, nutritional and metabolic diseases",
I00-I02 Acute rheumatic fever,,88,,,IX Diseases of the circulatory system,
E65-E68 Obesity and other hyperalimentation,,43,,,"IV Endocrine, nutritional and metabolic diseases",
E70-E90 Metabolic disorders,,44,,,"IV Endocrine, nutritional and metabolic diseases",
V Mental and behavioural disorders,,45,,,,
"F00-F09 Organic, including symptomatic, mental disorders",,46,,,V Mental and behavioural disorders,
F10-F19 Mental and behavioural disorders due to psychoactive substance use,,47,,,V Mental and behavioural disorders,
K70-K77 Diseases of liver,,117,,,XI Diseases of the digestive system,
"F20-F29 Schizophrenia, schizotypal and delusional disorders",,48,,,V Mental and behavioural disorders,
F30-F39 Mood [affective] disorders,,49,,,V Mental and behavioural disorders,
"F40-F48 Neurotic, stress-related and somatoform disorders",,50,,,V Mental and behavioural disorders,
F50-F59 Behavioural syndromes associated with physiological disturbances and physical factors,,51,,,V Mental and behavioural disorders,
F60-F69 Disorders of adult personality and behaviour,,52,,,V Mental and behavioural disorders,
F70-F79 Mental retardation,,53,,,V Mental and behavioural disorders,
F80-F89 Disorders of psychological development,,54,,,V Mental and behavioural disorders,
F90-F98 Behavioural and emotional disorders with onset usually occurring in childhood and adolescence,,55,,,V Mental and behavioural disorders,
F99-F99 Unspecified mental disorder,,56,,,V Mental and behavioural disorders,
VI Diseases of the nervous system,,57,,,,
G00-G09 Inflammatory diseases of the central nervous system,,58,,,VI Diseases of the nervous system,
G10-G14 Systemic atrophies primarily affecting the central nervous system,,59,,,VI Diseases of the nervous system,
G20-G26 Extrapyramidal and movement disorders,,60,,,VI Diseases of the nervous system,
G30-G32 Other degenerative diseases of the nervous system,,61,,,VI Diseases of the nervous system,
G35-G37 Demyelinating diseases of the central nervous system,,62,,,VI Diseases of the nervous system,
G40-G47 Episodic and paroxysmal disorders,,63,,,VI Diseases of the nervous system,
K35-K38 Diseases of appendix,,112,,,XI Diseases of the digestive system,
"G50-G59 Nerve, nerve root and plexus disorders",,64,,,VI Diseases of the nervous system,
G60-G64 Polyneuropathies and other disorders of the peripheral nervous system,,65,,,VI Diseases of the nervous system,
G70-G73 Diseases of myoneural junction and muscle,,66,,,VI Diseases of the nervous system,
G80-G83 Cerebral palsy and other paralytic syndromes,,67,,,VI Diseases of the nervous system,
G90-G99 Other disorders of the nervous system,,68,,,VI Diseases of the nervous system,
VII Diseases of the eye and adnexa,,69,,,,
"H00-H06 Disorders of eyelid, lacrimal system and orbit",,70,,,VII Diseases of the eye and adnexa,
H10-H13 Disorders of conjunctiva,,71,,,VII Diseases of the eye and adnexa,
"H15-H22 Disorders of sclera, cornea, iris and ciliary body",,72,,,VII Diseases of the eye and adnexa,
H25-H28 Disorders of lens,,73,,,VII Diseases of the eye and adnexa,
H30-H36 Disorders of choroid and retina,,74,,,VII Diseases of the eye and adnexa,
H40-H42 Glaucoma,,75,,,VII Diseases of the eye and adnexa,
H46-H48 Disorders of optic nerve and visual pathways,,77,,,VII Diseases of the eye and adnexa,
"H49-H52 Disorders of ocular muscles, binocular movement, accommodation and refraction",,78,,,VII Diseases of the eye and adnexa,
H53-H54 Visual disturbances and blindness,,79,,,VII Diseases of the eye and adnexa,
H55-H59 Other disorders of eye and adnexa,,80,,,VII Diseases of the eye and adnexa,
VIII Diseases of the ear and mastoid process,,81,,,,
H60-H62 Diseases of external ear,,82,,,VIII Diseases of the ear and mastoid process,
H65-H75 Diseases of middle ear and mastoid,,83,,,VIII Diseases of the ear and mastoid process,
XXII Codes for special purposes,,84,,,,
H80-H83 Diseases of inner ear,,85,,,VIII Diseases of the ear and mastoid process,
H90-H95 Other disorders of ear,,86,,,VIII Diseases of the ear and mastoid process,
IX Diseases of the circulatory system,,87,,,,
I05-I09 Chronic rheumatic heart diseases,,89,,,IX Diseases of the circulatory system,
I10-I15 Hypertensive diseases,,90,,,IX Diseases of the circulatory system,
I20-I25 Ischaemic heart diseases,,91,,,IX Diseases of the circulatory system,
I26-I28 Pulmonary heart disease and diseases of pulmonary circulation,,92,,,IX Diseases of the circulatory system,
I30-I52 Other forms of heart disease,,93,,,IX Diseases of the circulatory system,
I60-I69 Cerebrovascular diseases,,94,,,IX Diseases of the circulatory system,
"I70-I79 Diseases of arteries, arterioles and capillaries",,95,,,IX Diseases of the circulatory system,
"I80-I89 Diseases of veins, lymphatic vessels and lymph nodes, not elsewhere classified",,96,,,IX Diseases of the circulatory system,
I95-I99 Other and unspecified disorders of the circulatory system,,97,,,IX Diseases of the circulatory system,
X Diseases of the respiratory system,,98,,,,
J00-J06 Acute upper respiratory infections,,99,,,X Diseases of the respiratory system,
J09-J18 Influenza and pneumonia,,100,,,X Diseases of the respiratory system,
J20-J22 Other acute lower respiratory infections,,101,,,X Diseases of the respiratory system,
J30-J39 Other diseases of upper respiratory tract,,102,,,X Diseases of the respiratory system,
J40-J47 Chronic lower respiratory diseases,,103,,,X Diseases of the respiratory system,
J60-J70 Lung diseases due to external agents,,104,,,X Diseases of the respiratory system,
J80-J84 Other respiratory diseases principally affecting the interstitium,,105,,,X Diseases of the respiratory system,
J85-J86 Suppurative and necrotic conditions of lower respiratory tract,,106,,,X Diseases of the respiratory system,
J90-J94 Other diseases of pleura,,107,,,X Diseases of the respiratory system,
J95-J99 Other diseases of the respiratory system,,108,,,X Diseases of the respiratory system,
XI Diseases of the digestive system,,109,,,,
"K00-K14 Diseases of oral cavity, salivary glands and jaws",,110,,,XI Diseases of the digestive system,
"K20-K31 Diseases of oesophagus, stomach and duodenum",,111,,,XI Diseases of the digestive system,
K40-K46 Hernia,,113,,,XI Diseases of the digestive system,
K50-K52 Noninfective enteritis and colitis,,114,,,XI Diseases of the digestive system,
K55-K64 Other diseases of intestines,,115,,,XI Diseases of the digestive system,
K65-K67 Diseases of peritoneum,,116,,,XI Diseases of the digestive system,
"K80-K87 Disorders of gallbladder, biliary tract and pancreas",,118,,,XI Diseases of the digestive system,
K90-K93 Other diseases of the digestive system,,119,,,XI Diseases of the digestive system,
L00-L08 Infections of the skin and subcutaneous tissue,,121,,,XII Diseases of the skin and subcutaneous tissue,
L10-L14 Bullous disorders,,122,,,XII Diseases of the skin and subcutaneous tissue,
L20-L30 Dermatitis and eczema,,123,,,XII Diseases of the skin and subcutaneous tissue,
L40-L45 Papulosquamous disorders,,124,,,XII Diseases of the skin and subcutaneous tissue,
V01-X59 Accidents,,217,,,XX External causes of morbidity and mortality,
L50-L54 Urticaria and erythema,,125,,,XII Diseases of the skin and subcutaneous tissue,
L55-L59 Radiation-related disorders of the skin and subcutaneous tissue,,126,,,XII Diseases of the skin and subcutaneous tissue,
L60-L75 Disorders of skin appendages,,127,,,XII Diseases of the skin and subcutaneous tissue,
L80-L99 Other disorders of the skin and subcutaneous tissue,,128,,,XII Diseases of the skin and subcutaneous tissue,
XIII Diseases of the musculoskeletal system and connective tissue,,129,,,,
M00-M25 Arthropathies,,130,,,XIII Diseases of the musculoskeletal system and connective tissue,
M30-M36 Systemic connective tissue disorders,,131,,,XIII Diseases of the musculoskeletal system and connective tissue,
M40-M54 Dorsopathies,,132,,,XIII Diseases of the musculoskeletal system and connective tissue,
M60-M79 Soft tissue disorders,,133,,,XIII Diseases of the musculoskeletal system and connective tissue,
M80-M94 Osteopathies and chondropathies,,134,,,XIII Diseases of the musculoskeletal system and connective tissue,
M95-M99 Other disorders of the musculoskeletal system and connective tissue,,135,,,XIII Diseases of the musculoskeletal system and connective tissue,
XIV Diseases of the genitourinary system,,136,,,,
N00-N08 Glomerular diseases,,137,,,XIV Diseases of the genitourinary system,
N10-N16 Renal tubulo-interstitial diseases,,138,,,XIV Diseases of the genitourinary system,
N17-N19 Renal failure,,139,,,XIV Diseases of the genitourinary system,
N20-N23 Urolithiasis,,140,,,XIV Diseases of the genitourinary system,
N25-N29 Other disorders of kidney and ureter,,141,,,XIV Diseases of the genitourinary system,
N30-N39 Other diseases of urinary system,,142,,,XIV Diseases of the genitourinary system,
N40-N51 Diseases of male genital organs,,143,,,XIV Diseases of the genitourinary system,
N60-N64 Disorders of breast,,144,,,XIV Diseases of the genitourinary system,
N70-N77 Inflammatory diseases of female pelvic organs,,145,,,XIV Diseases of the genitourinary system,
N80-N98 Noninflammatory disorders of female genital tract,,146,,,XIV Diseases of the genitourinary system,
N99-N99 Other disorders of the genitourinary system,,147,,,XIV Diseases of the genitourinary system,
"XV Pregnancy, childbirth and the puerperium",,148,,,,
O00-O08 Pregnancy with abortive outcome,,149,,,"XV Pregnancy, childbirth and the puerperium",
"O10-O16 Oedema, proteinuria and hypertensive disorders in pregnancy, childbirth and the puerperium",,150,,,"XV Pregnancy, childbirth and the puerperium",
O20-O29 Other maternal disorders predominantly related to pregnancy,,151,,,"XV Pregnancy, childbirth and the puerperium",
O30-O48 Maternal care related to the fetus and amniotic cavity and possible delivery problems,,152,,,"XV Pregnancy, childbirth and the puerperium",
O60-O75 Complications of labour and delivery,,153,,,"XV Pregnancy, childbirth and the puerperium",
O80-O84 Delivery,,154,,,"XV Pregnancy, childbirth and the puerperium",
O85-O92 Complications predominantly related to the puerperium,,155,,,"XV Pregnancy, childbirth and the puerperium",
"O94-O99 Other obstetric conditions, not elsewhere classified",,156,,,"XV Pregnancy, childbirth and the puerperium",
XVI Certain conditions originating in the perinatal period,,157,,,,
"P00-P04 Fetus and newborn affected by maternal factors and by complications of pregnancy, labour and delivery",,158,,,XVI Certain conditions originating in the perinatal period,
P05-P08 Disorders related to length of gestation and fetal growth,,159,,,XVI Certain conditions originating in the perinatal period,
P10-P15 Birth trauma,,160,,,XVI Certain conditions originating in the perinatal period,
P20-P29 Respiratory and cardiovascular disorders specific to the perinatal period,,161,,,XVI Certain conditions originating in the perinatal period,
P35-P39 Infections specific to the perinatal period,,162,,,XVI Certain conditions originating in the perinatal period,
P50-P61 Haemorrhagic and haematological disorders of fetus and newborn,,163,,,XVI Certain conditions originating in the perinatal period,
P70-P74 Transitory endocrine and metabolic disorders specific to fetus and newborn,,164,,,XVI Certain conditions originating in the perinatal period,
P75-P78 Digestive system disorders of fetus and newborn,,165,,,XVI Certain conditions originating in the perinatal period,
P80-P83 Conditions involving the integument and temperature regulation of fetus and newborn,,166,,,XVI Certain conditions originating in the perinatal period,
P90-P96 Other disorders originating in the perinatal period,,167,,,XVI Certain conditions originating in the perinatal period,
"XVII Congenital malformations, deformations and chromosomal abnormalities",,168,,,,
Q00-Q07 Congenital malformations of the nervous system,,169,,,"XVII Congenital malformations, deformations and chromosomal abnormalities",
"Q10-Q18 Congenital malformations of eye, ear, face and neck",,170,,,"XVII Congenital malformations, deformations and chromosomal abnormalities",
Q20-Q28 Congenital malformations of the circulatory system,,171,,,"XVII Congenital malformations, deformations and chromosomal abnormalities",
Q30-Q34 Congenital malformations of the respiratory system,,172,,,"XVII Congenital malformations, deformations and chromosomal abnormalities",
Q35-Q37 Cleft lip and cleft palate,,173,,,"XVII Congenital malformations, deformations and chromosomal abnormalities",
Q38-Q45 Other congenital malformations of the digestive system,,174,,,"XVII Congenital malformations, deformations and chromosomal abnormalities",
Q50-Q56 Congenital malformations of genital organs,,175,,,"XVII Congenital malformations, deformations and chromosomal abnormalities",
Q60-Q64 Congenital malformations of the urinary system,,176,,,"XVII Congenital malformations, deformations and chromosomal abnormalities",
Q65-Q79 Congenital malformations and deformations of the musculoskeletal system,,177,,,"XVII Congenital malformations, deformations and chromosomal abnormalities",
Q80-Q89 Other congenital malformations,,178,,,"XVII Congenital malformations, deformations and chromosomal abnormalities",
"Q90-Q99 Chromosomal abnormalities, not elsewhere classified",,179,,,"XVII Congenital malformations, deformations and chromosomal abnormalities",
"XVIII Symptoms, signs and abnormal clinical and laboratory findings, not elsewhere classified",,180,,,,
R00-R09 Symptoms and signs involving the circulatory and respiratory systems,,181,,,"XVIII Symptoms, signs and abnormal clinical and laboratory findings, not elsewhere classified",
R10-R19 Symptoms and signs involving the digestive system and abdomen,,182,,,"XVIII Symptoms, signs and abnormal clinical and laboratory findings, not elsewhere classified",
X60-X84 Intentional self-harm,,218,,,XX External causes of morbidity and mortality,
R20-R23 Symptoms and signs involving the skin and subcutaneous tissue,,183,,,"XVIII Symptoms, signs and abnormal clinical and laboratory findings, not elsewhere classified",
R25-R29 Symptoms and signs involving the nervous and musculoskeletal systems,,184,,,"XVIII Symptoms, signs and abnormal clinical and laboratory findings, not elsewhere classified",
S70-S79 Injuries to the hip and thigh,,202,,,"XIX Injury, poisoning and certain other consequences of external causes",
R30-R39 Symptoms and signs involving the urinary system,,185,,,"XVIII Symptoms, signs and abnormal clinical and laboratory findings, not elsewhere classified",
"R40-R46 Symptoms and signs involving cognition, perception, emotional state and behaviour",,186,,,"XVIII Symptoms, signs and abnormal clinical and laboratory findings, not elsewhere classified",
R47-R49 Symptoms and signs involving speech and voice,,187,,,"XVIII Symptoms, signs and abnormal clinical and laboratory findings, not elsewhere classified",
R50-R69 General symptoms and signs,,188,,,"XVIII Symptoms, signs and abnormal clinical and laboratory findings, not elsewhere classified",
"R70-R79 Abnormal findings on examination of blood, without diagnosis",,189,,,"XVIII Symptoms, signs and abnormal clinical and laboratory findings, not elsewhere classified",
"R80-R82 Abnormal findings on examination of urine, without diagnosis",,190,,,"XVIII Symptoms, signs and abnormal clinical and laboratory findings, not elsewhere classified",
"R83-R89 Abnormal findings on examination of other body fluids, substances and tissues, without diagnosis",,191,,,"XVIII Symptoms, signs and abnormal clinical and laboratory findings, not elsewhere classified",
"R90-R94 Abnormal findings on diagnostic imaging and in function studies, without diagnosis",,192,,,"XVIII Symptoms, signs and abnormal clinical and laboratory findings, not elsewhere classified",
R95-R99 Ill-defined and unknown causes of mortality,,193,,,"XVIII Symptoms, signs and abnormal clinical and laboratory findings, not elsewhere classified",
"XIX Injury, poisoning and certain other consequences of external causes",,194,,,,
S00-S09 Injuries to the head,,195,,,"XIX Injury, poisoning and certain other consequences of external causes",
S10-S19 Injuries to the neck,,196,,,"XIX Injury, poisoning and certain other consequences of external causes",
S20-S29 Injuries to the thorax,,197,,,"XIX Injury, poisoning and certain other consequences of external causes",
X85-Y09 Assault,,219,,,XX External causes of morbidity and mortality,
"S30-S39 Injuries to the abdomen, lower back, lumbar spine and pelvis",,198,,,"XIX Injury, poisoning and certain other consequences of external causes",
S40-S49 Injuries to the shoulder and upper arm,,199,,,"XIX Injury, poisoning and certain other consequences of external causes",
S50-S59 Injuries to the elbow and forearm,,200,,,"XIX Injury, poisoning and certain other consequences of external causes",
S60-S69 Injuries to the wrist and hand,,201,,,"XIX Injury, poisoning and certain other consequences of external causes",
S80-S89 Injuries to the knee and lower leg,,203,,,"XIX Injury, poisoning and certain other consequences of external causes",
S90-S99 Injuries to the ankle and foot,,204,,,"XIX Injury, poisoning and certain other consequences of external causes",
T00-T07 Injuries involving multiple body regions,,205,,,"XIX Injury, poisoning and certain other consequences of external causes",
"T08-T14 Injuries to unspecified part of trunk, limb or body region",,206,,,"XIX Injury, poisoning and certain other consequences of external causes",
T15-T19 Effects of foreign body entering through natural orifice,,207,,,"XIX Injury, poisoning and certain other consequences of external causes",
T20-T32 Burns and corrosions,,208,,,"XIX Injury, poisoning and certain other consequences of external causes",
T33-T35 Frostbite,,209,,,"XIX Injury, poisoning and certain other consequences of external causes",
"T36-T50 Poisoning by drugs, medicaments and biological substances",,210,,,"XIX Injury, poisoning and certain other consequences of external causes",
T51-T65 Toxic effects of substances chiefly nonmedicinal as to source,,211,,,"XIX Injury, poisoning and certain other consequences of external causes",
T66-T78 Other and unspecified effects of external causes,,212,,,"XIX Injury, poisoning and certain other consequences of external causes",
T79-T79 Certain early complications of trauma,,213,,,"XIX Injury, poisoning and certain other consequences of external causes",
"T80-T88 Complications of surgical and medical care, not elsewhere classified",,214,,,"XIX Injury, poisoning and certain other consequences of external causes",
"T90-T98 Sequelae of injuries, of poisoning and of other consequences of external causes",,215,,,"XIX Injury, poisoning and certain other consequences of external causes",
XX External causes of morbidity and mortality,,216,,,,
Y10-Y34 Event of undetermined intent,,220,,,XX External causes of morbidity and mortality,
Y35-Y36 Legal intervention and operations of war,,221,,,XX External causes of morbidity and mortality,
Y40-Y84 Complications of medical and surgical care,,222,,,XX External causes of morbidity and mortality,
Y85-Y89 Sequelae of external causes of morbidity and mortality,,223,,,XX External causes of morbidity and mortality,
Y90-Y98 Supplementary factors related to causes of morbidity and mortality classified elsewhere,,224,,,XX External causes of morbidity and mortality,
XXI Factors influencing health status and contact with health services,,225,,,,
Z00-Z13 Persons encountering health services for examination and investigation,,226,,,XXI Factors influencing health status and contact with health services,
Z20-Z29 Persons with potential health hazards related to communicable diseases,,227,,,XXI Factors influencing health status and contact with health services,
Z30-Z39 Persons encountering health services in circumstances related to reproduction,,228,,,XXI Factors influencing health status and contact with health services,
Z40-Z54 Persons encountering health services for specific procedures and health care,,229,,,XXI Factors influencing health status and contact with health services,
Z55-Z65 Persons with potential health hazards related to socioeconomic and psychosocial circumstances,,230,,,XXI Factors influencing health status and contact with health services,
Z70-Z76 Persons encountering health services in other circumstances,,231,,,XXI Factors influencing health status and contact with health services,
Z80-Z99 Persons with potential health hazards related to family and personal history and certain conditions influencing health status,,232,,,XXI Factors influencing health status and contact with health services,
U00-U49 Provisional assignment of new diseases of uncertain etiology or emergency use,,233,,,XXII Codes for special purposes,
U82-U85 Resistance to antimicrobial and antineoplastic drugs,,234,,,XXII Codes for special purposes,
